,Должность,Компания,Расположение,Прочая информация,Время создания заявки
0,Brand Manager (Go-to-Market),Revlon,"Нью-Йорк, Нью-Йорк, Соединенные Штаты Америки",Активно нанимает сотрудников,1 час назад
1,"Assistant, A&R",Warner Music Group,"Лос-Анджелес, Калифорния, Соединенные Штаты Америки",Активно нанимает сотрудников,1 час назад
2,Typist (Remote),Estúdio Ceno,"Мичиган, Соединенные Штаты Америки",Станьте одним из первых кандидатов,1 час назад
3,Senior Recruiter,Giga,"Сан-Франциско, Калифорния, Соединенные Штаты Америки",Станьте одним из первых кандидатов,1 час назад
4,Typist (Remote),UTHAL ENTERPRISES,"Северная Каролина, Соединенные Штаты Америки",Станьте одним из первых кандидатов,1 час назад
5,Home Based Data Entry Typist,Laka Group,"Джорджия, Соединенные Штаты Америки",Станьте одним из первых кандидатов,1 час назад
6,Typist (Remote),Samery Group,"Северная Каролина, Соединенные Штаты Америки",Станьте одним из первых кандидатов,1 час назад
7,Event Producer (Conferences),Bisnow,"Даллас, Техас, Соединенные Штаты Америки",Станьте одним из первых кандидатов Еще 7 преимуществ,46 минут назад
8,Head of People - USA,Hawkwood l People & Talent Recruiting,Агломерация Нью-Йорка,Станьте одним из первых кандидатов,33 минуты назад
9,Data Entry Clerk (Remote),The Returning,"Иллинойс, Соединенные Штаты Америки",Станьте одним из первых кандидатов,1 час назад
10,Business Recruiter,Jack,Соединенные Штаты Америки,Медицинская страховка Еще 3 преимущества,2 часа назад
11,Executive Assistant,Wiraa,Соединенные Штаты Америки,Медицинская страховка Еще 3 преимущества,1 час назад
12,Entry-Level Data Entry Clerk Admin (Fully Remote),Estúdio Ceno,"Мичиган, Соединенные Штаты Америки",Станьте одним из первых кандидатов,1 час назад
13,Data Entry Clerk (Remote),Samery Group,"Северная Каролина, Соединенные Штаты Америки",Станьте одним из первых кандидатов,1 час назад
14,Remote Payroll Assistant,The Fresh Market,"Хендерсон, Невада, Соединенные Штаты Америки",Станьте одним из первых кандидатов,9 минут назад
15,Craftsperson,Crossing Hurdles,Соединенные Штаты Америки,Станьте одним из первых кандидатов,1 час назад
16,Marketing Assistant,Impact,Агломерация Нью-Йорка,Станьте одним из первых кандидатов,2 часа назад
17,Virtual Assistant (Remote),Estúdio Ceno,"Мичиган, Соединенные Штаты Америки",Станьте одним из первых кандидатов,1 час назад
18,Remote Typist,Londono Realty Group Inc.,"Балтимор, Мэриленд, Соединенные Штаты Америки",Станьте одним из первых кандидатов,1 час назад
19,Typist,The Returning,"Иллинойс, Соединенные Штаты Америки",Станьте одним из первых кандидатов,1 час назад
20,"Strategy Associate, YouTube",Google,"Нью-Йорк, Нью-Йорк, Соединенные Штаты Америки",Активно нанимает сотрудников,2 часа назад
21,Data Entry Clerk (Remote),Estúdio Ceno,"Мичиган, Соединенные Штаты Америки",Станьте одним из первых кандидатов,1 час назад
22,Data Entry Clerk Admin (Remote) Work From Home,UTHAL ENTERPRISES,"Северная Каролина, Соединенные Штаты Америки",Станьте одним из первых кандидатов,1 час назад
23,Entry-Level Data Entry Clerk Admin (Fully Remote),Synynp Labs,"Пенсильвания, Соединенные Штаты Америки",Станьте одним из первых кандидатов,1 час назад
24,Remote Payroll Assistant,The Fresh Market,"Новый Орлеан, Луизиана, Соединенные Штаты Америки",Станьте одним из первых кандидатов,10 минут назад
25,Data Entry Clerk Admin (Remote) Work From Home,Estúdio Ceno,"Мичиган, Соединенные Штаты Америки",Станьте одним из первых кандидатов,1 час назад
26,Remote Live Chat Agent,Londono Realty Group Inc.,"Балтимор, Мэриленд, Соединенные Штаты Америки",Нет прочей информации,1 час назад
27,Editorial Assistant Rotational Program,Lensa,"Нью-Йорк, Нью-Йорк, Соединенные Штаты Америки",Нет прочей информации,2 часа назад
28,Data Analyst,Jack,Соединенные Штаты Америки,Медицинская страховка Еще 5 преимуществ,2 часа назад
29,Fully Remote Data Entry Clerk - No Experience,Estúdio Ceno,"Мичиган, Соединенные Штаты Америки",Станьте одним из первых кандидатов,1 час назад
30,Project Manager,Jack,Соединенные Штаты Америки,Медицинская страховка Еще 3 преимущества,2 часа назад
31,Remote Payroll Assistant,The Fresh Market,"Анахайм, Калифорния, Соединенные Штаты Америки",Станьте одним из первых кандидатов,7 минут назад
32,Typist,Estúdio Ceno,"Мичиган, Соединенные Штаты Америки",Станьте одним из первых кандидатов,1 час назад
33,Customer Service Representative,"Reqroute, Inc",Соединенные Штаты Америки,Станьте одним из первых кандидатов,24 минуты назад
34,Data Entry Associate (Remote),Estúdio Ceno,"Мичиган, Соединенные Штаты Америки",Станьте одним из первых кандидатов,1 час назад
35,"Director, Brand Strategy & Communication",Mazda North American Operations,Соединенные Штаты Америки,Нет прочей информации,2 часа назад
36,Head of People - B2B SaaS Startup,KP Recruiting Group,Агломерация Нью-Йорка,Станьте одним из первых кандидатов,1 час назад
37,Entry-Level Data Entry Clerk - Part-time / Full-time (Remote),UTHAL ENTERPRISES,"Северная Каролина, Соединенные Штаты Америки",Станьте одним из первых кандидатов,1 час назад
38,Influencer Marketing Manager - Beauty Industry,AX Beauty Brands,"Нью-Йорк, Нью-Йорк, Соединенные Штаты Америки",Нет прочей информации,1 час назад
39,Assistant (Remote),Estúdio Ceno,"Мичиган, Соединенные Штаты Америки",Станьте одним из первых кандидатов,1 час назад
40,Entry-Level Data Entry Clerk - Part-time / Full-time (Remote),Estúdio Ceno,"Мичиган, Соединенные Штаты Америки",Станьте одним из первых кандидатов,1 час назад
41,Retail Analyst,Danone,Соединенные Штаты Америки,Активно нанимает сотрудников Еще 7 преимуществ,1 час назад
42,Human Resources Generalist,Teltonika,Метроплекс Даллас/Форт-Уэрт,Станьте одним из первых кандидатов Еще 4 преимущества,1 час назад
43,Influencer Talent Manager,Grail Talent,"Шарлотт, Северная Каролина, Соединенные Штаты Америки",Станьте одним из первых кандидатов,48 минут назад
44,Human Resources,Walmart,"Мариетта, Джорджия, Соединенные Штаты Америки",Активно нанимает сотрудников,4 минуты назад
45,"Part Time, Remote Data Entry Clerk - Work From Home",Samery Group,"Северная Каролина, Соединенные Штаты Америки",Станьте одним из первых кандидатов,1 час назад
46,Remote Payroll Assistant,The Fresh Market,"Кливленд, Огайо, Соединенные Штаты Америки",Станьте одним из первых кандидатов,27 минут назад
47,Remote Payroll Assistant,The Fresh Market,"Новый Орлеан, Луизиана, Соединенные Штаты Америки",Станьте одним из первых кандидатов,26 минут назад
48,Graphic Designer,Creative Cove Inc.,"Бостон, Массачусетс, Соединенные Штаты Америки",Активно нанимает сотрудников,1 час назад
49,Data Entry Specialist (Remote),Estúdio Ceno,"Мичиган, Соединенные Штаты Америки",Станьте одним из первых кандидатов,1 час назад
50,Procurement Analyst,City of Boston,"Бостон, Массачусетс, Соединенные Штаты Америки",Нет прочей информации,10 минут назад
51,HR Generalist,Hirenza,Соединенные Штаты Америки,Станьте одним из первых кандидатов,1 час назад
52,"Manager, Scrum Master",McDonald's,"Чикаго, Иллинойс, Соединенные Штаты Америки",Станьте одним из первых кандидатов,1 час назад
53,Data Entry,Estúdio Ceno,"Мичиган, Соединенные Штаты Америки",Станьте одним из первых кандидатов,1 час назад
54,Live Chat Support Agent,Stello Foods,"Пенсильвания, Соединенные Штаты Америки",Станьте одним из первых кандидатов,1 час назад
55,Data Entry Clerk (Remote),Synynp Labs,"Пенсильвания, Соединенные Штаты Америки",Станьте одним из первых кандидатов,1 час назад
56,Software Engineer (New Grads: Fall 2025/Spring 2026),Divergent,"Лос-Анджелес, Калифорния, Соединенные Штаты Америки",Активно нанимает сотрудников,40 минут назад
57,Director of Operations,City Wide Facility Solutions Orlando,Агломерация Орландо,Станьте одним из первых кандидатов,1 час назад
58,Executive Assistant,"Glocap Business Professionals, Administrative, Operations",Агломерация Нью-Йорка,Станьте одним из первых кандидатов Еще 4 преимущества,43 минуты назад
59,Content Marketing Manager,Jack,Соединенные Штаты Америки,Медицинская страховка Еще 6 преимуществ,2 часа назад
60,Data Entry Clerk Admin (Remote) Work From Home,Estúdio Ceno,"Мичиган, Соединенные Штаты Америки",Станьте одним из первых кандидатов,1 час назад
61,Remote Live Chat Agent,Londono Realty Group Inc.,"Балтимор, Мэриленд, Соединенные Штаты Америки",Нет прочей информации,1 час назад
62,Editorial Assistant Rotational Program,Lensa,"Нью-Йорк, Нью-Йорк, Соединенные Штаты Америки",Нет прочей информации,2 часа назад
63,Data Analyst,Jack,Соединенные Штаты Америки,Медицинская страховка Еще 5 преимуществ,2 часа назад
64,Fully Remote Data Entry Clerk - No Experience,Estúdio Ceno,"Мичиган, Соединенные Штаты Америки",Станьте одним из первых кандидатов,1 час назад
65,Project Manager,Jack,Соединенные Штаты Америки,Медицинская страховка Еще 3 преимущества,2 часа назад
66,Remote Payroll Assistant,The Fresh Market,"Анахайм, Калифорния, Соединенные Штаты Америки",Станьте одним из первых кандидатов,7 минут назад
67,Typist,Estúdio Ceno,"Мичиган, Соединенные Штаты Америки",Станьте одним из первых кандидатов,1 час назад
68,Customer Service Representative,"Reqroute, Inc",Соединенные Штаты Америки,Станьте одним из первых кандидатов,24 минуты назад
69,Data Entry Associate (Remote),Estúdio Ceno,"Мичиган, Соединенные Штаты Америки",Станьте одним из первых кандидатов,1 час назад
