,Должность,Компания,Расположение,Прочая информация,Время создания заявки
0,Recruitment Coordinator,TRX,Соединенные Штаты Америки,Нет прочей информации,4 часа назад
1,Typist (Remote),Tozzo Express,"Джорджия, Соединенные Штаты Америки",Станьте одним из первых кандидатов,2 часа назад
2,Typist (Remote),Kvitucha & Квітуча,"Флорида, Соединенные Штаты Америки",Станьте одним из первых кандидатов,2 часа назад
3,Typist (Remote),Nexponencial,"Калифорния, Соединенные Штаты Америки",Станьте одним из первых кандидатов,2 часа назад
4,Fully Remote Data Entry Clerk - No Experience,FinTax Solutions,"Нью-Йорк, Соединенные Штаты Америки",Нет прочей информации,2 часа назад
5,Entry-Level Data Entry Clerk - Part-time / Full-time (Remote),FinTax Solutions,"Нью-Йорк, Соединенные Штаты Америки",Станьте одним из первых кандидатов,2 часа назад
6,Entry-Level Data Entry Clerk - Part-time / Full-time (Remote),Nexponencial,"Калифорния, Соединенные Штаты Америки",Станьте одним из первых кандидатов,2 часа назад
7,Typist (Remote),MRI MetricsVision,"Джорджия, Соединенные Штаты Америки",Нет прочей информации,2 часа назад
8,Virtual Assistant (Remote),Farmacademy Oficial,"Калифорния, Соединенные Штаты Америки",Нет прочей информации,2 часа назад
9,Data Entry,FinTax Solutions,"Нью-Йорк, Соединенные Штаты Америки",Нет прочей информации,2 часа назад
10,Assistant (Remote),Kvitucha & Квітуча,"Флорида, Соединенные Штаты Америки",Станьте одним из первых кандидатов,2 часа назад
11,Creative Producer,Thanks,"Лос-Анджелес, Калифорния, Соединенные Штаты Америки",Станьте одним из первых кандидатов,3 часа назад
12,Entry-Level Residential Construction Scheduling Assistant,VFS Construction,"Орландо, Флорида, Соединенные Штаты Америки",Станьте одним из первых кандидатов,51 минуту назад
13,Graphic Designer,Equator Coffees,"San Anselmo, Калифорния, Соединенные Штаты Америки",Станьте одним из первых кандидатов,4 часа назад
14,REMOTE Healthcare Data Entry,Lensa,"Даллас, Техас, Соединенные Штаты Америки",Станьте одним из первых кандидатов,2 часа назад
15,Administrative Assistant (Remote),Nexponencial,"Калифорния, Соединенные Штаты Америки",Станьте одним из первых кандидатов,2 часа назад
16,Dispatcher - Roper Hospital,Roper St. Francis Healthcare,"Чарлстон, Южная Каролина, Соединенные Штаты Америки",Станьте одним из первых кандидатов,1 час назад
17,Typist (Remote),ERP JOb 1,"Нью-Йорк, Соединенные Штаты Америки",Станьте одним из первых кандидатов,2 часа назад
18,Creative Producer,Thanks,"Портленд, Орегон, Соединенные Штаты Америки",Станьте одним из первых кандидатов,3 часа назад
19,Graphic Designer,Lensa,Соединенные Штаты Америки,Станьте одним из первых кандидатов,2 часа назад
20,Data Entry Clerk,Farmacademy Oficial,"Калифорния, Соединенные Штаты Америки",Станьте одним из первых кандидатов,2 часа назад
21,"HR Partner , Corporate HR Partner",Amazon,"Нью-Йорк, Нью-Йорк, Соединенные Штаты Америки",Станьте одним из первых кандидатов,1 час назад
22,Administrative Assistant (Remote),Africa Venture Partners Projects (AVPP),"Калифорния, Соединенные Штаты Америки",Станьте одним из первых кандидатов,2 часа назад
23,Executive Assistant I,Delta Dental Ins.,Соединенные Штаты Америки,Нет прочей информации,2 часа назад
24,"Online Support Agent (Remote, U.S. Only)",Greentech Renewables,"Стоктон, Калифорния, Соединенные Штаты Америки",Станьте одним из первых кандидатов,2 часа назад
25,Research Data Analyst 1,UCLA,"Лос-Анджелес, Калифорния, Соединенные Штаты Америки",Активно нанимает сотрудников,5 часов назад
26,Fully Remote Data Entry Clerk - No Experience,MRI DataBox,"Пенсильвания, Соединенные Штаты Америки",Нет прочей информации,2 часа назад
27,Typist (Remote),MRI DataBox,"Пенсильвания, Соединенные Штаты Америки",Станьте одним из первых кандидатов,2 часа назад
28,Virtual Assistant (Remote),UTHAL ENTERPRISES,"Северная Каролина, Соединенные Штаты Америки",Станьте одним из первых кандидатов,2 часа назад
29,Creative Producer,Thanks,"Денвер, Колорадо, Соединенные Штаты Америки",Станьте одним из первых кандидатов,3 часа назад
30,Fully-remote Claims Assistant,Lensa,"Портленд, Орегон, Соединенные Штаты Америки",Станьте одним из первых кандидатов,2 часа назад
31,Creative Producer,Thanks,"Сиэтл, Вашингтон, Соединенные Штаты Америки",Станьте одним из первых кандидатов,3 часа назад
32,Data Entry Clerk Admin (Remote) Work From Home,Tozzo Express,"Джорджия, Соединенные Штаты Америки",Станьте одним из первых кандидатов,2 часа назад
33,Data Entry Clerk (Remote),Tozzo Express,"Джорджия, Соединенные Штаты Америки",Станьте одним из первых кандидатов,2 часа назад
34,Fully Remote Data Entry Clerk - No Experience,Xenvolt Power Electronics,"Калифорния, Соединенные Штаты Америки",Станьте одним из первых кандидатов,2 часа назад
35,Assistant (Remote),MRI DataBox,"Пенсильвания, Соединенные Штаты Америки",Станьте одним из первых кандидатов,2 часа назад
36,Virtual Assistant (Remote),MRI MetricsVision,"Джорджия, Соединенные Штаты Америки",Нет прочей информации,2 часа назад
37,Medical Billing Specialist,Jane App,Соединенные Штаты Америки,Нет прочей информации,5 часов назад
38,Fully Remote Data Entry Clerk - No Experience,Laud Design,"Нью-Йорк, Соединенные Штаты Америки",Станьте одним из первых кандидатов,2 часа назад
39,Data Entry Specialist (Remote),FinTax Solutions,"Нью-Йорк, Соединенные Штаты Америки",Станьте одним из первых кандидатов,2 часа назад
40,Assistant (Remote),UTHAL ENTERPRISES,"Северная Каролина, Соединенные Штаты Америки",Станьте одним из первых кандидатов,2 часа назад
41,Chief Operations Officer (COO),MIMOS Berhad,"Гранд-Айленд, Небраска, Соединенные Штаты Америки",Станьте одним из первых кандидатов,2 часа назад
42,Entry-Level Data Entry Clerk Admin (Fully Remote),MRI MetricsVision,"Джорджия, Соединенные Штаты Америки",Станьте одним из первых кандидатов,2 часа назад
43,Creative Producer,Thanks,"Остин, Техас, Соединенные Штаты Америки",Станьте одним из первых кандидатов,3 часа назад
44,Data Analyst,Helic & Co.,Соединенные Штаты Америки,Медицинская страховка Еще 8 преимуществ,5 часов назад
45,Data Entry,MRI DataBox,"Пенсильвания, Соединенные Штаты Америки",Нет прочей информации,2 часа назад
46,Entry-Level Data Entry Clerk Admin (Fully Remote),MRI DataBox,"Пенсильвания, Соединенные Штаты Америки",Станьте одним из первых кандидатов,2 часа назад
47,Events Executive,Luminance,"Нью-Йорк, Нью-Йорк, Соединенные Штаты Америки",Станьте одним из первых кандидатов,26 минут назад
48,Virtual Assistant (Remote),MRI DataBox,"Пенсильвания, Соединенные Штаты Америки",Станьте одним из первых кандидатов,2 часа назад
49,"Vice President of Operations, Domestic",VQ,Соединенные Штаты Америки,Станьте одним из первых кандидатов,3 часа назад
50,Typist,Crypto9D,"Нью-Йорк, Соединенные Штаты Америки",Станьте одним из первых кандидатов,2 часа назад
51,Data Analyst (Remote),Crypto9D,"Калифорния, Соединенные Штаты Америки",Станьте одним из первых кандидатов,2 часа назад
52,Administrative Assistant (Remote),Crypto9D,"Нью-Йорк, Соединенные Штаты Америки",Станьте одним из первых кандидатов,2 часа назад
53,Social Media / Content Marketing Specialist,Flam,"Сан-Франциско, Калифорния, Соединенные Штаты Америки",Станьте одним из первых кандидатов Еще 3 преимущества,58 минут назад
54,Data Analyst,Crypto9D,"Нью-Йорк, Соединенные Штаты Америки",Станьте одним из первых кандидатов,2 часа назад
55,HR Assistant Benefits Specialist-Remote,Lensa,"Даллас, Техас, Соединенные Штаты Америки",Станьте одним из первых кандидатов,2 часа назад
56,Data Entry Specialist (Remote),UTHAL ENTERPRISES,"Северная Каролина, Соединенные Штаты Америки",Станьте одним из первых кандидатов,2 часа назад
57,Data Entry Associate,Nexponencial,"Калифорния, Соединенные Штаты Америки",Станьте одним из первых кандидатов,2 часа назад
58,Typist,Silymba,"Калифорния, Соединенные Штаты Америки",Станьте одним из первых кандидатов,2 часа назад
59,Genetic Counselor - Remote,Lensa,Соединенные Штаты Америки,Станьте одним из первых кандидатов,2 часа назад
60,Research Data Analyst 1,UCLA,"Лос-Анджелес, Калифорния, Соединенные Штаты Америки",Активно нанимает сотрудников,5 часов назад
61,Fully Remote Data Entry Clerk - No Experience,MRI DataBox,"Пенсильвания, Соединенные Штаты Америки",Нет прочей информации,2 часа назад
62,Typist (Remote),MRI DataBox,"Пенсильвания, Соединенные Штаты Америки",Станьте одним из первых кандидатов,2 часа назад
63,Virtual Assistant (Remote),UTHAL ENTERPRISES,"Северная Каролина, Соединенные Штаты Америки",Станьте одним из первых кандидатов,2 часа назад
64,Creative Producer,Thanks,"Денвер, Колорадо, Соединенные Штаты Америки",Станьте одним из первых кандидатов,3 часа назад
65,Fully-remote Claims Assistant,Lensa,"Портленд, Орегон, Соединенные Штаты Америки",Станьте одним из первых кандидатов,2 часа назад
66,Creative Producer,Thanks,"Сиэтл, Вашингтон, Соединенные Штаты Америки",Станьте одним из первых кандидатов,3 часа назад
67,Data Entry Clerk Admin (Remote) Work From Home,Tozzo Express,"Джорджия, Соединенные Штаты Америки",Станьте одним из первых кандидатов,2 часа назад
68,Data Entry Clerk (Remote),Tozzo Express,"Джорджия, Соединенные Штаты Америки",Станьте одним из первых кандидатов,2 часа назад
69,Fully Remote Data Entry Clerk - No Experience,Xenvolt Power Electronics,"Калифорния, Соединенные Штаты Америки",Станьте одним из первых кандидатов,2 часа назад
